{
  "errors": {
    "fallback": 2,
    "provider_5xx": 1,
    "rate_limit": 1,
    "timeout": 4
  },
  "totals": {
    "auth_error": 0,
    "cache_read_tokens": 19582373.14494848,
    "cache_write_tokens": 0.0,
    "cost_usd": 0,
    "events": 443,
    "fallback": 3,
    "input_tokens": 11321988.442843752,
    "output_tokens": 180290.23186610002,
    "rate_limit": 1,
    "timeout": 5,
    "total_tokens": 8051663.81965833
  },
  "ts": "2026-05-16T15:24:44+00:00"
}
