{
  "errors": {
    "fallback": 3,
    "rate_limit": 1,
    "timeout": 3
  },
  "totals": {
    "auth_error": 0,
    "cache_read_tokens": 11292705.130060801,
    "cache_write_tokens": 0.0,
    "cost_usd": 0,
    "events": 394,
    "fallback": 4,
    "input_tokens": 2465373.7350132493,
    "output_tokens": 65743.61382999997,
    "rate_limit": 1,
    "timeout": 4,
    "total_tokens": 3326038.4789040484
  },
  "ts": "2026-05-19T01:40:30+00:00"
}
