{
  "errors": {
    "fallback": 3,
    "rate_limit": 1,
    "timeout": 3
  },
  "totals": {
    "auth_error": 0,
    "cache_read_tokens": 8030976.593228801,
    "cache_write_tokens": 0.0,
    "cost_usd": 0,
    "events": 325,
    "fallback": 4,
    "input_tokens": 1802695.7161869996,
    "output_tokens": 34169.349101,
    "rate_limit": 1,
    "timeout": 4,
    "total_tokens": 1823299.6585168005
  },
  "ts": "2026-05-19T19:40:43+00:00"
}
