{
  "errors": {
    "fallback": 3,
    "timeout": 3
  },
  "totals": {
    "auth_error": 0,
    "cache_read_tokens": 14503714.71083521,
    "cache_write_tokens": 0.0,
    "cost_usd": 0,
    "events": 420,
    "fallback": 3,
    "input_tokens": 3578289.2394212494,
    "output_tokens": 111328.49689500002,
    "rate_limit": 0,
    "timeout": 3,
    "total_tokens": 6102827.44715145
  },
  "ts": "2026-05-18T13:39:50+00:00"
}
