{
  "errors": {
    "fallback": 3,
    "rate_limit": 1,
    "timeout": 3
  },
  "totals": {
    "auth_error": 0,
    "cache_read_tokens": 11708674.029696004,
    "cache_write_tokens": 0.0,
    "cost_usd": 0,
    "events": 364,
    "fallback": 4,
    "input_tokens": 3534035.3648695,
    "output_tokens": 60499.98144100002,
    "rate_limit": 1,
    "timeout": 4,
    "total_tokens": 3061891.376006499
  },
  "ts": "2026-05-19T15:40:38+00:00"
}
