{
  "errors": {
    "auth": 1,
    "rate_limit": 1,
    "timeout": 5
  },
  "totals": {
    "auth_error": 1,
    "cache_read_tokens": 15766339.425268007,
    "cache_write_tokens": 0.0,
    "cost_usd": 0,
    "events": 548,
    "fallback": 1,
    "input_tokens": 6256865.392403503,
    "output_tokens": 99089.44539340005,
    "rate_limit": 1,
    "timeout": 6,
    "total_tokens": 3088535.263064901
  },
  "ts": "2026-05-27T07:41:51+00:00"
}
