{
  "errors": {
    "rate_limit": 1,
    "timeout": 4
  },
  "totals": {
    "auth_error": 0,
    "cache_read_tokens": 22696933.506329603,
    "cache_write_tokens": 0.0,
    "cost_usd": 0,
    "events": 440,
    "fallback": 1,
    "input_tokens": 4872882.636028252,
    "output_tokens": 201182.6614490001,
    "rate_limit": 1,
    "timeout": 5,
    "total_tokens": 6519147.803806852
  },
  "ts": "2026-05-20T17:40:53+00:00"
}
