{
  "errors": {
    "fallback": 3,
    "rate_limit": 1,
    "timeout": 3
  },
  "totals": {
    "auth_error": 0,
    "cache_read_tokens": 11305505.144652802,
    "cache_write_tokens": 0.0,
    "cost_usd": 0,
    "events": 403,
    "fallback": 4,
    "input_tokens": 2648346.52691825,
    "output_tokens": 66605.63932999996,
    "rate_limit": 1,
    "timeout": 4,
    "total_tokens": 3326059.3109010486
  },
  "ts": "2026-05-19T03:40:36+00:00"
}
