{
  "errors": {
    "rate_limit": 1,
    "timeout": 8
  },
  "totals": {
    "auth_error": 0,
    "cache_read_tokens": 22899621.896243192,
    "cache_write_tokens": 0.0,
    "cost_usd": 0,
    "events": 474,
    "fallback": 1,
    "input_tokens": 5910731.563134999,
    "output_tokens": 112702.89201000013,
    "rate_limit": 1,
    "timeout": 9,
    "total_tokens": 5576092.351388199
  },
  "ts": "2026-05-15T13:28:34+00:00"
}
