{
  "errors": {
    "fallback": 2,
    "timeout": 5
  },
  "totals": {
    "auth_error": 0,
    "cache_read_tokens": 15299235.77064608,
    "cache_write_tokens": 0.0,
    "cost_usd": 0,
    "events": 481,
    "fallback": 2,
    "input_tokens": 4708310.44609395,
    "output_tokens": 94108.44210680002,
    "rate_limit": 0,
    "timeout": 5,
    "total_tokens": 2770276.65884683
  },
  "ts": "2026-05-26T03:41:37+00:00"
}
