{
  "errors": {
    "fallback": 4,
    "rate_limit": 1,
    "timeout": 4
  },
  "totals": {
    "auth_error": 0,
    "cache_read_tokens": 12715233.838381443,
    "cache_write_tokens": 0.0,
    "cost_usd": 0,
    "events": 403,
    "fallback": 5,
    "input_tokens": 3679495.8490324984,
    "output_tokens": 87270.08813105001,
    "rate_limit": 1,
    "timeout": 5,
    "total_tokens": 4081261.775544988
  },
  "ts": "2026-05-21T21:41:25+00:00"
}
