{
  "errors": {
    "fallback": 4,
    "rate_limit": 1,
    "timeout": 4
  },
  "totals": {
    "auth_error": 0,
    "cache_read_tokens": 15532258.918694403,
    "cache_write_tokens": 0.0,
    "cost_usd": 0,
    "events": 416,
    "fallback": 5,
    "input_tokens": 3205451.9732420007,
    "output_tokens": 106750.5925935,
    "rate_limit": 1,
    "timeout": 5,
    "total_tokens": 4325241.484529898
  },
  "ts": "2026-05-21T01:31:20+00:00"
}
