{
  "errors": {
    "fallback": 2,
    "rate_limit": 1,
    "timeout": 5
  },
  "totals": {
    "auth_error": 0,
    "cache_read_tokens": 7044656.305896481,
    "cache_write_tokens": 0.0,
    "cost_usd": 0,
    "events": 345,
    "fallback": 3,
    "input_tokens": 2264874.7194456495,
    "output_tokens": 30651.258381899992,
    "rate_limit": 1,
    "timeout": 6,
    "total_tokens": 1523147.2837240302
  },
  "ts": "2026-05-28T03:42:02+00:00"
}
