{
  "errors": {
    "fallback": 3,
    "timeout": 8
  },
  "totals": {
    "auth_error": 0,
    "cache_read_tokens": 11348578.9475328,
    "cache_write_tokens": 0.0,
    "cost_usd": 0,
    "events": 439,
    "fallback": 3,
    "input_tokens": 4046398.99803,
    "output_tokens": 76038.266552,
    "rate_limit": 0,
    "timeout": 8,
    "total_tokens": 3977698.2121147993
  },
  "ts": "2026-05-18T09:39:38+00:00"
}
