{
  "errors": {
    "rate_limit": 1,
    "timeout": 15
  },
  "totals": {
    "auth_error": 0,
    "cache_read_tokens": 23634982.543465577,
    "cache_write_tokens": 0.0,
    "cost_usd": 0,
    "events": 571,
    "fallback": 1,
    "input_tokens": 9263288.322622297,
    "output_tokens": 170457.88892500004,
    "rate_limit": 1,
    "timeout": 16,
    "total_tokens": 5751977.755012899
  },
  "ts": "2026-05-14T13:27:53+00:00"
}
