{
  "errors": {
    "fallback": 3,
    "rate_limit": 1,
    "timeout": 5
  },
  "totals": {
    "auth_error": 0,
    "cache_read_tokens": 7880944.361128961,
    "cache_write_tokens": 0.0,
    "cost_usd": 0,
    "events": 272,
    "fallback": 4,
    "input_tokens": 1914126.63715835,
    "output_tokens": 31245.3377336,
    "rate_limit": 1,
    "timeout": 6,
    "total_tokens": 1246111.3360209102
  },
  "ts": "2026-05-30T21:51:24+00:00"
}
