{
  "errors": {
    "fallback": 3,
    "timeout": 3
  },
  "totals": {
    "auth_error": 0,
    "cache_read_tokens": 14180258.718771204,
    "cache_write_tokens": 0.0,
    "cost_usd": 0,
    "events": 424,
    "fallback": 3,
    "input_tokens": 3945354.3626492503,
    "output_tokens": 104506.39045799998,
    "rate_limit": 0,
    "timeout": 3,
    "total_tokens": 5726779.47187845
  },
  "ts": "2026-05-18T15:40:34+00:00"
}
