{
  "errors": {
    "fallback": 2,
    "provider_5xx": 1,
    "rate_limit": 1,
    "timeout": 3
  },
  "totals": {
    "auth_error": 0,
    "cache_read_tokens": 11157186.316210559,
    "cache_write_tokens": 0.0,
    "cost_usd": 0,
    "events": 433,
    "fallback": 3,
    "input_tokens": 6472099.958161951,
    "output_tokens": 79849.14362384999,
    "rate_limit": 1,
    "timeout": 4,
    "total_tokens": 3761457.4179963605
  },
  "ts": "2026-05-17T11:24:50+00:00"
}
