{
  "errors": {
    "rate_limit": 1,
    "timeout": 8
  },
  "totals": {
    "auth_error": 0,
    "cache_read_tokens": 8601280.7082496,
    "cache_write_tokens": 0.0,
    "cost_usd": 0,
    "events": 332,
    "fallback": 1,
    "input_tokens": 4716144.953802,
    "output_tokens": 77679.52023114999,
    "rate_limit": 1,
    "timeout": 9,
    "total_tokens": 3142995.182282751
  },
  "ts": "2026-05-25T00:47:11+00:00"
}
