{
  "errors": {
    "fallback": 2,
    "timeout": 23
  },
  "totals": {
    "auth_error": 0,
    "cache_read_tokens": 35428075.80494909,
    "cache_write_tokens": 0.0,
    "cost_usd": 0,
    "events": 859,
    "fallback": 2,
    "input_tokens": 10315929.9262004,
    "output_tokens": 234540.69343280004,
    "rate_limit": 0,
    "timeout": 23,
    "total_tokens": 5588796.42458232
  },
  "ts": "2026-05-13T23:28:26+00:00"
}
