{
  "errors": {
    "rate_limit": 2,
    "timeout": 9
  },
  "totals": {
    "auth_error": 0,
    "cache_read_tokens": 20611492.796480313,
    "cache_write_tokens": 0.0,
    "cost_usd": 0,
    "events": 475,
    "fallback": 2,
    "input_tokens": 4529643.329840449,
    "output_tokens": 103124.65570675005,
    "rate_limit": 2,
    "timeout": 11,
    "total_tokens": 5211492.78202752
  },
  "ts": "2026-05-15T11:28:19+00:00"
}
