{
  "errors": {
    "fallback": 2,
    "rate_limit": 1,
    "timeout": 5
  },
  "totals": {
    "auth_error": 0,
    "cache_read_tokens": 7903872.6430972805,
    "cache_write_tokens": 0.0,
    "cost_usd": 0,
    "events": 310,
    "fallback": 3,
    "input_tokens": 2953314.0928166993,
    "output_tokens": 46106.505197899976,
    "rate_limit": 1,
    "timeout": 6,
    "total_tokens": 2098767.24111188
  },
  "ts": "2026-05-28T13:42:21+00:00"
}
