{
  "errors": {
    "rate_limit": 1,
    "timeout": 2
  },
  "totals": {
    "auth_error": 0,
    "cache_read_tokens": 14638819.427762562,
    "cache_write_tokens": 0.0,
    "cost_usd": 0,
    "events": 341,
    "fallback": 1,
    "input_tokens": 5986151.412395949,
    "output_tokens": 95483.40338785002,
    "rate_limit": 1,
    "timeout": 3,
    "total_tokens": 5548084.243546359
  },
  "ts": "2026-05-17T17:24:51+00:00"
}
