{
  "errors": {
    "fallback": 3,
    "timeout": 3
  },
  "totals": {
    "auth_error": 0,
    "cache_read_tokens": 12193538.2769664,
    "cache_write_tokens": 0.0,
    "cost_usd": 0,
    "events": 368,
    "fallback": 3,
    "input_tokens": 2729513.2240170003,
    "output_tokens": 92893.25646600002,
    "rate_limit": 0,
    "timeout": 3,
    "total_tokens": 5113781.757449402
  },
  "ts": "2026-05-18T11:39:36+00:00"
}
