{
  "errors": {
    "rate_limit": 1,
    "timeout": 13
  },
  "totals": {
    "auth_error": 0,
    "cache_read_tokens": 18461572.620995194,
    "cache_write_tokens": 0.0,
    "cost_usd": 0,
    "events": 537,
    "fallback": 1,
    "input_tokens": 6599719.09916135,
    "output_tokens": 133627.08926520002,
    "rate_limit": 1,
    "timeout": 14,
    "total_tokens": 3763470.8094217535
  },
  "ts": "2026-05-14T15:27:57+00:00"
}
