{
  "errors": {
    "fallback": 3,
    "rate_limit": 1,
    "timeout": 3
  },
  "totals": {
    "auth_error": 0,
    "cache_read_tokens": 11376161.1886848,
    "cache_write_tokens": 0.0,
    "cost_usd": 0,
    "events": 415,
    "fallback": 4,
    "input_tokens": 2840922.3285882506,
    "output_tokens": 66698.64166999997,
    "rate_limit": 1,
    "timeout": 4,
    "total_tokens": 3326057.158943048
  },
  "ts": "2026-05-19T07:40:36+00:00"
}
