{
  "errors": {
    "fallback": 2,
    "rate_limit": 1,
    "timeout": 5
  },
  "totals": {
    "auth_error": 0,
    "cache_read_tokens": 8972561.070380641,
    "cache_write_tokens": 0.0,
    "cost_usd": 0,
    "events": 365,
    "fallback": 3,
    "input_tokens": 4232874.0316762,
    "output_tokens": 56131.58815349998,
    "rate_limit": 1,
    "timeout": 6,
    "total_tokens": 1910020.690210341
  },
  "ts": "2026-05-27T23:41:57+00:00"
}
