{
  "errors": {
    "fallback": 2,
    "timeout": 5
  },
  "totals": {
    "auth_error": 0,
    "cache_read_tokens": 15874900.058406403,
    "cache_write_tokens": 0.0,
    "cost_usd": 0,
    "events": 516,
    "fallback": 2,
    "input_tokens": 5659248.577610202,
    "output_tokens": 99039.54870185003,
    "rate_limit": 0,
    "timeout": 5,
    "total_tokens": 2873347.18471845
  },
  "ts": "2026-05-26T07:41:38+00:00"
}
