{
  "errors": {
    "fallback": 2,
    "timeout": 4
  },
  "totals": {
    "auth_error": 0,
    "cache_read_tokens": 11001569.518957442,
    "cache_write_tokens": 0.0,
    "cost_usd": 0,
    "events": 373,
    "fallback": 2,
    "input_tokens": 3459206.0706557487,
    "output_tokens": 59644.716804549986,
    "rate_limit": 0,
    "timeout": 4,
    "total_tokens": 3268020.30641774
  },
  "ts": "2026-05-22T01:33:58+00:00"
}
