{
  "errors": {
    "fallback": 3,
    "rate_limit": 1,
    "timeout": 3
  },
  "totals": {
    "auth_error": 0,
    "cache_read_tokens": 11324961.1618048,
    "cache_write_tokens": 0.0,
    "cost_usd": 0,
    "events": 409,
    "fallback": 4,
    "input_tokens": 2770420.9759182506,
    "output_tokens": 66657.64025999997,
    "rate_limit": 1,
    "timeout": 4,
    "total_tokens": 3326087.7779830485
  },
  "ts": "2026-05-19T05:40:35+00:00"
}
