{
  "errors": {
    "rate_limit": 1,
    "timeout": 2
  },
  "totals": {
    "auth_error": 0,
    "cache_read_tokens": 6828001.1815417595,
    "cache_write_tokens": 0.0,
    "cost_usd": 0,
    "events": 321,
    "fallback": 1,
    "input_tokens": 2072324.9235553504,
    "output_tokens": 55313.78609194998,
    "rate_limit": 1,
    "timeout": 3,
    "total_tokens": 1510699.89118906
  },
  "ts": "2026-05-25T20:47:26+00:00"
}
