{
  "errors": {
    "rate_limit": 1,
    "timeout": 6
  },
  "totals": {
    "auth_error": 0,
    "cache_read_tokens": 26296999.66213119,
    "cache_write_tokens": 0.0,
    "cost_usd": 0,
    "events": 481,
    "fallback": 1,
    "input_tokens": 9444756.257594002,
    "output_tokens": 127697.29378800011,
    "rate_limit": 1,
    "timeout": 7,
    "total_tokens": 5948292.213513198
  },
  "ts": "2026-05-15T17:28:37+00:00"
}
