{
  "errors": {
    "fallback": 2,
    "timeout": 4
  },
  "totals": {
    "auth_error": 0,
    "cache_read_tokens": 8556288.896346884,
    "cache_write_tokens": 0.0,
    "cost_usd": 0,
    "events": 297,
    "fallback": 2,
    "input_tokens": 3254130.3082012516,
    "output_tokens": 50209.47775959998,
    "rate_limit": 0,
    "timeout": 4,
    "total_tokens": 2521489.6823077304
  },
  "ts": "2026-05-26T15:41:40+00:00"
}
