{
  "errors": {
    "auth": 13,
    "fallback": 3,
    "timeout": 32
  },
  "totals": {
    "auth_error": 13,
    "cache_read_tokens": 56200630.78784321,
    "cache_write_tokens": 0.0,
    "cost_usd": 0,
    "events": 1016,
    "fallback": 3,
    "input_tokens": 9055905.029949902,
    "output_tokens": 283209.30399295036,
    "rate_limit": 0,
    "timeout": 32,
    "total_tokens": 3794695.1217860524
  },
  "ts": "2026-05-13T07:28:05+00:00"
}
