{
  "errors": {
    "fallback": 4,
    "rate_limit": 1,
    "timeout": 4
  },
  "totals": {
    "auth_error": 0,
    "cache_read_tokens": 12361953.78930624,
    "cache_write_tokens": 0.0,
    "cost_usd": 0,
    "events": 399,
    "fallback": 5,
    "input_tokens": 3549664.0082869995,
    "output_tokens": 78667.97279305,
    "rate_limit": 1,
    "timeout": 5,
    "total_tokens": 3869174.770386288
  },
  "ts": "2026-05-21T23:41:29+00:00"
}
