{
  "errors": {
    "fallback": 3,
    "rate_limit": 1,
    "timeout": 3
  },
  "totals": {
    "auth_error": 0,
    "cache_read_tokens": 8076032.592768,
    "cache_write_tokens": 0.0,
    "cost_usd": 0,
    "events": 327,
    "fallback": 4,
    "input_tokens": 1742229.3926345,
    "output_tokens": 34505.348498,
    "rate_limit": 1,
    "timeout": 4,
    "total_tokens": 1900853.3339005008
  },
  "ts": "2026-05-19T17:40:39+00:00"
}
