{
  "errors": {
    "rate_limit": 1,
    "timeout": 4
  },
  "totals": {
    "auth_error": 0,
    "cache_read_tokens": 23485285.782182403,
    "cache_write_tokens": 0.0,
    "cost_usd": 0,
    "events": 497,
    "fallback": 1,
    "input_tokens": 5662865.799476249,
    "output_tokens": 206751.76050000012,
    "rate_limit": 1,
    "timeout": 5,
    "total_tokens": 6710849.34215865
  },
  "ts": "2026-05-20T11:40:52+00:00"
}
