{
  "errors": {
    "rate_limit": 1,
    "timeout": 14
  },
  "totals": {
    "auth_error": 0,
    "cache_read_tokens": 15744771.570016643,
    "cache_write_tokens": 0.0,
    "cost_usd": 0,
    "events": 485,
    "fallback": 1,
    "input_tokens": 5611326.5014668,
    "output_tokens": 120289.87270190002,
    "rate_limit": 1,
    "timeout": 15,
    "total_tokens": 3073142.944185342
  },
  "ts": "2026-05-14T19:27:57+00:00"
}
