{
  "errors": {
    "auth": 1,
    "fallback": 4,
    "rate_limit": 1,
    "timeout": 4
  },
  "totals": {
    "auth_error": 1,
    "cache_read_tokens": 15258338.789319042,
    "cache_write_tokens": 0.0,
    "cost_usd": 0,
    "events": 474,
    "fallback": 5,
    "input_tokens": 4349709.3212252455,
    "output_tokens": 109336.58160404999,
    "rate_limit": 1,
    "timeout": 5,
    "total_tokens": 4290552.692148338
  },
  "ts": "2026-05-21T07:41:14+00:00"
}
