{
  "errors": {
    "fallback": 2,
    "provider_5xx": 1,
    "rate_limit": 1,
    "timeout": 4
  },
  "totals": {
    "auth_error": 0,
    "cache_read_tokens": 20159717.390357114,
    "cache_write_tokens": 0.0,
    "cost_usd": 0,
    "events": 498,
    "fallback": 3,
    "input_tokens": 11609199.982699752,
    "output_tokens": 188195.35648565,
    "rate_limit": 1,
    "timeout": 5,
    "total_tokens": 7973205.729542524
  },
  "ts": "2026-05-16T21:24:37+00:00"
}
