{
  "errors": {
    "fallback": 2,
    "rate_limit": 1,
    "timeout": 5
  },
  "totals": {
    "auth_error": 0,
    "cache_read_tokens": 7098416.303080481,
    "cache_write_tokens": 0.0,
    "cost_usd": 0,
    "events": 327,
    "fallback": 3,
    "input_tokens": 2184610.5280470992,
    "output_tokens": 30627.24855369999,
    "rate_limit": 1,
    "timeout": 6,
    "total_tokens": 1583317.07968128
  },
  "ts": "2026-05-28T01:41:54+00:00"
}
