{
  "errors": {
    "rate_limit": 1,
    "timeout": 4
  },
  "totals": {
    "auth_error": 0,
    "cache_read_tokens": 23501157.794086404,
    "cache_write_tokens": 0.0,
    "cost_usd": 0,
    "events": 502,
    "fallback": 1,
    "input_tokens": 5600383.701652,
    "output_tokens": 207366.7776120001,
    "rate_limit": 1,
    "timeout": 5,
    "total_tokens": 6716207.2733504
  },
  "ts": "2026-05-20T09:40:51+00:00"
}
