{
  "errors": {
    "fallback": 2,
    "timeout": 17
  },
  "totals": {
    "auth_error": 0,
    "cache_read_tokens": 6023232.1776128,
    "cache_write_tokens": 0.0,
    "cost_usd": 0,
    "events": 178,
    "fallback": 2,
    "input_tokens": 700265.77705375,
    "output_tokens": 18813.174063,
    "rate_limit": 0,
    "timeout": 17,
    "total_tokens": 1011667.12872955
  },
  "ts": "2026-05-24T17:01:56+00:00"
}
