{
  "errors": {
    "auth": 1,
    "rate_limit": 1,
    "timeout": 5
  },
  "totals": {
    "auth_error": 1,
    "cache_read_tokens": 15759059.424240647,
    "cache_write_tokens": 0.0,
    "cost_usd": 0,
    "events": 536,
    "fallback": 1,
    "input_tokens": 5947108.613646852,
    "output_tokens": 99001.44451670005,
    "rate_limit": 1,
    "timeout": 6,
    "total_tokens": 3088528.4824041906
  },
  "ts": "2026-05-27T05:41:47+00:00"
}
