{
  "errors": {
    "fallback": 2,
    "rate_limit": 2,
    "timeout": 18
  },
  "totals": {
    "auth_error": 0,
    "cache_read_tokens": 20874662.10584447,
    "cache_write_tokens": 0.0,
    "cost_usd": 0,
    "events": 583,
    "fallback": 4,
    "input_tokens": 7324571.081358053,
    "output_tokens": 139429.44337875003,
    "rate_limit": 2,
    "timeout": 20,
    "total_tokens": 3204384.6305812816
  },
  "ts": "2026-05-14T21:28:06+00:00"
}
