{
  "errors": {
    "fallback": 2,
    "provider_5xx": 1,
    "rate_limit": 1,
    "timeout": 3
  },
  "totals": {
    "auth_error": 0,
    "cache_read_tokens": 11252482.294706559,
    "cache_write_tokens": 0.0,
    "cost_usd": 0,
    "events": 435,
    "fallback": 3,
    "input_tokens": 6537577.83831595,
    "output_tokens": 79653.11852285,
    "rate_limit": 1,
    "timeout": 4,
    "total_tokens": 3771520.2515453603
  },
  "ts": "2026-05-17T13:24:49+00:00"
}
