{
  "errors": {
    "rate_limit": 1,
    "timeout": 5
  },
  "totals": {
    "auth_error": 0,
    "cache_read_tokens": 11728625.605855841,
    "cache_write_tokens": 0.0,
    "cost_usd": 0,
    "events": 388,
    "fallback": 1,
    "input_tokens": 4534195.013383498,
    "output_tokens": 75193.83341155002,
    "rate_limit": 1,
    "timeout": 6,
    "total_tokens": 3081408.45265089
  },
  "ts": "2026-05-27T21:41:56+00:00"
}
