{
  "errors": {
    "fallback": 2,
    "timeout": 14
  },
  "totals": {
    "auth_error": 0,
    "cache_read_tokens": 3202144.1413120003,
    "cache_write_tokens": 0.0,
    "cost_usd": 0,
    "events": 103,
    "fallback": 2,
    "input_tokens": 288393.34931425005,
    "output_tokens": 12303.124920000002,
    "rate_limit": 0,
    "timeout": 14,
    "total_tokens": 621029.6155462499
  },
  "ts": "2026-05-24T16:48:51+00:00"
}
