{
  "errors": {
    "rate_limit": 1,
    "timeout": 4
  },
  "totals": {
    "auth_error": 0,
    "cache_read_tokens": 18915332.93246848,
    "cache_write_tokens": 0.0,
    "cost_usd": 0,
    "events": 410,
    "fallback": 1,
    "input_tokens": 10408413.523238748,
    "output_tokens": 168708.0339861,
    "rate_limit": 1,
    "timeout": 5,
    "total_tokens": 7676626.48969333
  },
  "ts": "2026-05-16T13:24:50+00:00"
}
