{
  "errors": {
    "fallback": 3,
    "rate_limit": 1,
    "timeout": 3
  },
  "totals": {
    "auth_error": 0,
    "cache_read_tokens": 11391009.2145408,
    "cache_write_tokens": 0.0,
    "cost_usd": 0,
    "events": 422,
    "fallback": 4,
    "input_tokens": 2950544.85448325,
    "output_tokens": 66965.65192999996,
    "rate_limit": 1,
    "timeout": 4,
    "total_tokens": 3325869.7209540484
  },
  "ts": "2026-05-19T09:40:35+00:00"
}
