{
  "errors": {
    "rate_limit": 1,
    "timeout": 5
  },
  "totals": {
    "auth_error": 0,
    "cache_read_tokens": 19595109.76846784,
    "cache_write_tokens": 0.0,
    "cost_usd": 0,
    "events": 395,
    "fallback": 1,
    "input_tokens": 8824287.824985001,
    "output_tokens": 167051.24667605004,
    "rate_limit": 1,
    "timeout": 6,
    "total_tokens": 4720017.840128887
  },
  "ts": "2026-05-16T02:05:40+00:00"
}
