{
  "errors": {
    "auth": 1,
    "rate_limit": 1,
    "timeout": 5
  },
  "totals": {
    "auth_error": 1,
    "cache_read_tokens": 15868051.315486724,
    "cache_write_tokens": 0.0,
    "cost_usd": 0,
    "events": 519,
    "fallback": 1,
    "input_tokens": 6975113.141942904,
    "output_tokens": 106616.45658955006,
    "rate_limit": 1,
    "timeout": 6,
    "total_tokens": 3270549.914019171
  },
  "ts": "2026-05-27T01:42:05+00:00"
}
