{
  "errors": {
    "rate_limit": 1,
    "timeout": 5
  },
  "totals": {
    "auth_error": 0,
    "cache_read_tokens": 19300709.600019842,
    "cache_write_tokens": 0.0,
    "cost_usd": 0,
    "events": 385,
    "fallback": 1,
    "input_tokens": 8502072.176499998,
    "output_tokens": 165016.20521605003,
    "rate_limit": 1,
    "timeout": 6,
    "total_tokens": 4597502.981735888
  },
  "ts": "2026-05-16T01:31:53+00:00"
}
