{
  "errors": {
    "fallback": 2,
    "rate_limit": 1,
    "timeout": 5
  },
  "totals": {
    "auth_error": 0,
    "cache_read_tokens": 7289616.30815312,
    "cache_write_tokens": 0.0,
    "cost_usd": 0,
    "events": 390,
    "fallback": 3,
    "input_tokens": 2165244.2179568494,
    "output_tokens": 35023.2797502,
    "rate_limit": 1,
    "timeout": 6,
    "total_tokens": 1583950.8058601704
  },
  "ts": "2026-05-29T07:42:25+00:00"
}
