{
  "errors": {
    "auth": 1,
    "rate_limit": 1,
    "timeout": 5
  },
  "totals": {
    "auth_error": 1,
    "cache_read_tokens": 15576723.391808808,
    "cache_write_tokens": 0.0,
    "cost_usd": 0,
    "events": 565,
    "fallback": 1,
    "input_tokens": 6984403.274053254,
    "output_tokens": 99248.44897040004,
    "rate_limit": 1,
    "timeout": 6,
    "total_tokens": 3059225.11483245
  },
  "ts": "2026-05-27T11:41:53+00:00"
}
