{
  "errors": {
    "fallback": 2,
    "provider_5xx": 1,
    "rate_limit": 1,
    "timeout": 3
  },
  "totals": {
    "auth_error": 0,
    "cache_read_tokens": 11209378.32074176,
    "cache_write_tokens": 0.0,
    "cost_usd": 0,
    "events": 442,
    "fallback": 3,
    "input_tokens": 6630820.9113859525,
    "output_tokens": 79825.13900985,
    "rate_limit": 1,
    "timeout": 4,
    "total_tokens": 4410018.37113756
  },
  "ts": "2026-05-17T07:24:45+00:00"
}
