{
  "errors": {
    "rate_limit": 1,
    "timeout": 7
  },
  "totals": {
    "auth_error": 0,
    "cache_read_tokens": 20790309.993652478,
    "cache_write_tokens": 0.0,
    "cost_usd": 0,
    "events": 461,
    "fallback": 1,
    "input_tokens": 11865056.908263251,
    "output_tokens": 174347.29031660003,
    "rate_limit": 1,
    "timeout": 8,
    "total_tokens": 6687115.192232332
  },
  "ts": "2026-05-16T09:24:33+00:00"
}
