{
  "errors": {
    "rate_limit": 2,
    "timeout": 6
  },
  "totals": {
    "auth_error": 0,
    "cache_read_tokens": 8324096.67498304,
    "cache_write_tokens": 0.0,
    "cost_usd": 0,
    "events": 327,
    "fallback": 2,
    "input_tokens": 2141531.7500782497,
    "output_tokens": 49335.50400535,
    "rate_limit": 2,
    "timeout": 8,
    "total_tokens": 2395422.929066641
  },
  "ts": "2026-05-25T06:47:23+00:00"
}
