{
  "errors": {
    "fallback": 5,
    "rate_limit": 1,
    "timeout": 4
  },
  "totals": {
    "auth_error": 0,
    "cache_read_tokens": 9097248.8722688,
    "cache_write_tokens": 0.0,
    "cost_usd": 0,
    "events": 239,
    "fallback": 6,
    "input_tokens": 1950553.5086190004,
    "output_tokens": 67991.79340100002,
    "rate_limit": 1,
    "timeout": 5,
    "total_tokens": 2049028.1742887995
  },
  "ts": "2026-05-22T21:27:24+00:00"
}
