{
  "errors": {
    "rate_limit": 1,
    "timeout": 4
  },
  "totals": {
    "auth_error": 0,
    "cache_read_tokens": 22737381.5399168,
    "cache_write_tokens": 0.0,
    "cost_usd": 0,
    "events": 445,
    "fallback": 1,
    "input_tokens": 4901489.853945753,
    "output_tokens": 200801.66076800015,
    "rate_limit": 1,
    "timeout": 5,
    "total_tokens": 6493394.054630552
  },
  "ts": "2026-05-20T19:40:59+00:00"
}
