{
  "errors": {
    "auth": 1,
    "rate_limit": 1,
    "timeout": 5
  },
  "totals": {
    "auth_error": 1,
    "cache_read_tokens": 15673555.407860007,
    "cache_write_tokens": 0.0,
    "cost_usd": 0,
    "events": 560,
    "fallback": 1,
    "input_tokens": 6659218.356165153,
    "output_tokens": 99172.44778495004,
    "rate_limit": 1,
    "timeout": 6,
    "total_tokens": 3088327.211810101
  },
  "ts": "2026-05-27T09:41:55+00:00"
}
