{
  "errors": {
    "auth": 13,
    "fallback": 3,
    "timeout": 31
  },
  "totals": {
    "auth_error": 13,
    "cache_read_tokens": 56161622.7859536,
    "cache_write_tokens": 0.0,
    "cost_usd": 0,
    "events": 1001,
    "fallback": 3,
    "input_tokens": 8578925.561843805,
    "output_tokens": 281851.30204330035,
    "rate_limit": 0,
    "timeout": 31,
    "total_tokens": 3724961.6498407023
  },
  "ts": "2026-05-13T05:28:16+00:00"
}
