{
  "errors": {
    "fallback": 2,
    "timeout": 5
  },
  "totals": {
    "auth_error": 0,
    "cache_read_tokens": 7268080.296115839,
    "cache_write_tokens": 0.0,
    "cost_usd": 0,
    "events": 355,
    "fallback": 2,
    "input_tokens": 1993312.2008349497,
    "output_tokens": 32699.26145275,
    "rate_limit": 0,
    "timeout": 5,
    "total_tokens": 1560548.7584035404
  },
  "ts": "2026-05-29T01:31:46+00:00"
}
