{
  "errors": {
    "fallback": 2,
    "timeout": 5
  },
  "totals": {
    "auth_error": 0,
    "cache_read_tokens": 15392899.907050882,
    "cache_write_tokens": 0.0,
    "cost_usd": 0,
    "events": 548,
    "fallback": 2,
    "input_tokens": 6487680.225056153,
    "output_tokens": 89799.38076155,
    "rate_limit": 0,
    "timeout": 5,
    "total_tokens": 3114570.5128685804
  },
  "ts": "2026-05-26T11:41:36+00:00"
}
