{
  "errors": {
    "fallback": 3,
    "timeout": 4
  },
  "totals": {
    "auth_error": 0,
    "cache_read_tokens": 11340226.9227008,
    "cache_write_tokens": 0.0,
    "cost_usd": 0,
    "events": 401,
    "fallback": 3,
    "input_tokens": 3027987.2384000006,
    "output_tokens": 75541.26382200001,
    "rate_limit": 0,
    "timeout": 4,
    "total_tokens": 3931052.4249227997
  },
  "ts": "2026-05-18T01:40:06+00:00"
}
