{
  "errors": {
    "auth": 1,
    "timeout": 12
  },
  "totals": {
    "auth_error": 1,
    "cache_read_tokens": 55816404.79221597,
    "cache_write_tokens": 0.0,
    "cost_usd": 0,
    "events": 627,
    "fallback": 0,
    "input_tokens": 15622948.876371011,
    "output_tokens": 328536.04684439994,
    "rate_limit": 0,
    "timeout": 12,
    "total_tokens": 9837535.715431396
  },
  "ts": "2026-05-13T17:28:15+00:00"
}
