{
  "errors": {
    "rate_limit": 1,
    "timeout": 3
  },
  "totals": {
    "auth_error": 0,
    "cache_read_tokens": 9155777.321489919,
    "cache_write_tokens": 0.0,
    "cost_usd": 0,
    "events": 324,
    "fallback": 1,
    "input_tokens": 3760405.4084576997,
    "output_tokens": 56695.642507300014,
    "rate_limit": 1,
    "timeout": 4,
    "total_tokens": 3714345.3724549203
  },
  "ts": "2026-05-17T21:25:22+00:00"
}
