{
  "errors": {
    "auth": 4,
    "fallback": 2,
    "timeout": 21
  },
  "totals": {
    "auth_error": 4,
    "cache_read_tokens": 25129896.558068156,
    "cache_write_tokens": 0.0,
    "cost_usd": 0,
    "events": 553,
    "fallback": 2,
    "input_tokens": 5513246.428831499,
    "output_tokens": 163764.07133849998,
    "rate_limit": 0,
    "timeout": 21,
    "total_tokens": 1726795.05823816
  },
  "ts": "2026-05-12T23:25:43+00:00"
}
