{
  "errors": {
    "fallback": 2,
    "provider_5xx": 1,
    "rate_limit": 1,
    "timeout": 3
  },
  "totals": {
    "auth_error": 0,
    "cache_read_tokens": 11248034.327141758,
    "cache_write_tokens": 0.0,
    "cost_usd": 0,
    "events": 446,
    "fallback": 3,
    "input_tokens": 6734449.929235953,
    "output_tokens": 80177.14281984999,
    "rate_limit": 1,
    "timeout": 4,
    "total_tokens": 4750811.399197563
  },
  "ts": "2026-05-17T05:24:43+00:00"
}
