{
  "errors": {
    "rate_limit": 2,
    "timeout": 6
  },
  "totals": {
    "auth_error": 0,
    "cache_read_tokens": 8360449.0094848005,
    "cache_write_tokens": 0.0,
    "cost_usd": 0,
    "events": 267,
    "fallback": 2,
    "input_tokens": 1405947.0283087506,
    "output_tokens": 42979.605118,
    "rate_limit": 2,
    "timeout": 8,
    "total_tokens": 1156969.64291155
  },
  "ts": "2026-05-25T12:47:25+00:00"
}
