{
  "errors": {
    "fallback": 4,
    "rate_limit": 1,
    "timeout": 4
  },
  "totals": {
    "auth_error": 0,
    "cache_read_tokens": 15172834.499911042,
    "cache_write_tokens": 0.0,
    "cost_usd": 0,
    "events": 408,
    "fallback": 5,
    "input_tokens": 4173507.051277997,
    "output_tokens": 109290.44891405002,
    "rate_limit": 1,
    "timeout": 5,
    "total_tokens": 5132226.000103092
  },
  "ts": "2026-05-21T13:41:18+00:00"
}
