{
  "errors": {
    "fallback": 2,
    "provider_5xx": 1,
    "rate_limit": 1,
    "timeout": 4
  },
  "totals": {
    "auth_error": 0,
    "cache_read_tokens": 20816197.603188474,
    "cache_write_tokens": 0.0,
    "cost_usd": 0,
    "events": 486,
    "fallback": 3,
    "input_tokens": 13530088.482314501,
    "output_tokens": 200501.60659610003,
    "rate_limit": 1,
    "timeout": 5,
    "total_tokens": 8612008.69209908
  },
  "ts": "2026-05-16T17:24:32+00:00"
}
