{
  "errors": {
    "fallback": 3,
    "rate_limit": 1,
    "timeout": 5
  },
  "totals": {
    "auth_error": 0,
    "cache_read_tokens": 10213024.708018562,
    "cache_write_tokens": 0.0,
    "cost_usd": 0,
    "events": 307,
    "fallback": 4,
    "input_tokens": 2223173.9354764,
    "output_tokens": 57137.574306749986,
    "rate_limit": 1,
    "timeout": 6,
    "total_tokens": 2302101.2178017097
  },
  "ts": "2026-05-30T19:50:44+00:00"
}
