{
  "errors": {
    "rate_limit": 1,
    "timeout": 4
  },
  "totals": {
    "auth_error": 0,
    "cache_read_tokens": 18908515.89994239,
    "cache_write_tokens": 0.0,
    "cost_usd": 0,
    "events": 457,
    "fallback": 1,
    "input_tokens": 4432545.417427,
    "output_tokens": 178524.01720200008,
    "rate_limit": 1,
    "timeout": 5,
    "total_tokens": 5788357.3345714
  },
  "ts": "2026-05-20T01:31:34+00:00"
}
