{
  "errors": {
    "rate_limit": 1,
    "timeout": 4
  },
  "totals": {
    "auth_error": 0,
    "cache_read_tokens": 18948963.91965439,
    "cache_write_tokens": 0.0,
    "cost_usd": 0,
    "events": 460,
    "fallback": 1,
    "input_tokens": 4428993.558967,
    "output_tokens": 179313.0367920001,
    "rate_limit": 1,
    "timeout": 5,
    "total_tokens": 5771941.5154134
  },
  "ts": "2026-05-20T01:40:40+00:00"
}
