{
  "errors": {
    "rate_limit": 1,
    "timeout": 4
  },
  "totals": {
    "auth_error": 0,
    "cache_read_tokens": 26416102.969369598,
    "cache_write_tokens": 0.0,
    "cost_usd": 0,
    "events": 467,
    "fallback": 1,
    "input_tokens": 5911096.376263251,
    "output_tokens": 248491.81074900008,
    "rate_limit": 1,
    "timeout": 5,
    "total_tokens": 7603566.156381847
  },
  "ts": "2026-05-20T15:40:53+00:00"
}
