{
  "errors": {
    "rate_limit": 2,
    "timeout": 6
  },
  "totals": {
    "auth_error": 0,
    "cache_read_tokens": 13281410.659713604,
    "cache_write_tokens": 0.0,
    "cost_usd": 0,
    "events": 343,
    "fallback": 2,
    "input_tokens": 3012379.889461748,
    "output_tokens": 85049.34093790002,
    "rate_limit": 2,
    "timeout": 8,
    "total_tokens": 2969146.8901132517
  },
  "ts": "2026-05-25T14:47:26+00:00"
}
