{
  "errors": {
    "rate_limit": 2,
    "timeout": 6
  },
  "totals": {
    "auth_error": 0,
    "cache_read_tokens": 8368064.68445696,
    "cache_write_tokens": 0.0,
    "cost_usd": 0,
    "events": 346,
    "fallback": 2,
    "input_tokens": 2304272.01934795,
    "output_tokens": 50167.51085959999,
    "rate_limit": 2,
    "timeout": 8,
    "total_tokens": 2455538.214664511
  },
  "ts": "2026-05-25T08:47:23+00:00"
}
