{
  "errors": {
    "rate_limit": 1,
    "timeout": 4
  },
  "totals": {
    "auth_error": 0,
    "cache_read_tokens": 24657382.151961602,
    "cache_write_tokens": 0.0,
    "cost_usd": 0,
    "events": 441,
    "fallback": 1,
    "input_tokens": 5275224.895184252,
    "output_tokens": 229350.26435000007,
    "rate_limit": 1,
    "timeout": 5,
    "total_tokens": 7349578.311495848
  },
  "ts": "2026-05-20T13:41:19+00:00"
}
