{
  "errors": {
    "rate_limit": 1,
    "timeout": 6
  },
  "totals": {
    "auth_error": 0,
    "cache_read_tokens": 20728741.982132476,
    "cache_write_tokens": 0.0,
    "cost_usd": 0,
    "events": 444,
    "fallback": 1,
    "input_tokens": 11228860.14983825,
    "output_tokens": 173877.28710660004,
    "rate_limit": 1,
    "timeout": 7,
    "total_tokens": 6315202.419077331
  },
  "ts": "2026-05-16T07:24:30+00:00"
}
