{
  "errors": {
    "rate_limit": 1,
    "timeout": 4
  },
  "totals": {
    "auth_error": 0,
    "cache_read_tokens": 23456101.777446404,
    "cache_write_tokens": 0.0,
    "cost_usd": 0,
    "events": 496,
    "fallback": 1,
    "input_tokens": 5520588.232972001,
    "output_tokens": 207291.7735620001,
    "rate_limit": 1,
    "timeout": 5,
    "total_tokens": 6716344.7839804
  },
  "ts": "2026-05-20T07:40:50+00:00"
}
