{
  "errors": {
    "rate_limit": 1,
    "timeout": 3
  },
  "totals": {
    "auth_error": 0,
    "cache_read_tokens": 16945732.748305924,
    "cache_write_tokens": 0.0,
    "cost_usd": 0,
    "events": 357,
    "fallback": 1,
    "input_tokens": 7110783.169447698,
    "output_tokens": 104607.8219873,
    "rate_limit": 1,
    "timeout": 4,
    "total_tokens": 5485955.739740919
  },
  "ts": "2026-05-17T19:25:22+00:00"
}
