{
  "errors": {
    "auth": 1,
    "timeout": 13
  },
  "totals": {
    "auth_error": 1,
    "cache_read_tokens": 44488975.21908735,
    "cache_write_tokens": 0.0,
    "cost_usd": 0,
    "events": 600,
    "fallback": 0,
    "input_tokens": 10508633.256836416,
    "output_tokens": 269275.37585830013,
    "rate_limit": 0,
    "timeout": 13,
    "total_tokens": 8972568.851782056
  },
  "ts": "2026-05-13T15:28:20+00:00"
}
