{
  "errors": {
    "fallback": 2,
    "rate_limit": 1,
    "timeout": 5
  },
  "totals": {
    "auth_error": 0,
    "cache_read_tokens": 7051424.30898096,
    "cache_write_tokens": 0.0,
    "cost_usd": 0,
    "events": 357,
    "fallback": 3,
    "input_tokens": 2355319.9385391,
    "output_tokens": 30599.258062149995,
    "rate_limit": 1,
    "timeout": 6,
    "total_tokens": 1522972.5055822101
  },
  "ts": "2026-05-28T05:42:06+00:00"
}
