{
  "errors": {
    "fallback": 2,
    "timeout": 4
  },
  "totals": {
    "auth_error": 0,
    "cache_read_tokens": 10992353.958099524,
    "cache_write_tokens": 0.0,
    "cost_usd": 0,
    "events": 371,
    "fallback": 2,
    "input_tokens": 6634236.207830301,
    "output_tokens": 75530.93156925005,
    "rate_limit": 0,
    "timeout": 4,
    "total_tokens": 3492813.097499069
  },
  "ts": "2026-05-26T21:41:48+00:00"
}
