{
  "errors": {
    "rate_limit": 1,
    "timeout": 5
  },
  "totals": {
    "auth_error": 0,
    "cache_read_tokens": 12189505.82753952,
    "cache_write_tokens": 0.0,
    "cost_usd": 0,
    "events": 416,
    "fallback": 1,
    "input_tokens": 5513233.801766352,
    "output_tokens": 81572.95307045002,
    "rate_limit": 1,
    "timeout": 6,
    "total_tokens": 3426673.582376321
  },
  "ts": "2026-05-27T15:41:56+00:00"
}
