{
  "errors": {
    "rate_limit": 1,
    "timeout": 5
  },
  "totals": {
    "auth_error": 0,
    "cache_read_tokens": 12360865.917927682,
    "cache_write_tokens": 0.0,
    "cost_usd": 0,
    "events": 424,
    "fallback": 1,
    "input_tokens": 6425966.153332055,
    "output_tokens": 84099.01722040006,
    "rate_limit": 1,
    "timeout": 6,
    "total_tokens": 3555939.088480131
  },
  "ts": "2026-05-27T17:41:54+00:00"
}
