{
  "errors": {
    "fallback": 2,
    "provider_5xx": 1,
    "rate_limit": 1,
    "timeout": 3
  },
  "totals": {
    "auth_error": 0,
    "cache_read_tokens": 11289890.509088,
    "cache_write_tokens": 0.0,
    "cost_usd": 0,
    "events": 438,
    "fallback": 3,
    "input_tokens": 7665183.551700204,
    "output_tokens": 106955.8580824,
    "rate_limit": 1,
    "timeout": 4,
    "total_tokens": 5066820.918870599
  },
  "ts": "2026-05-16T23:24:36+00:00"
}
