{
  "errors": {
    "fallback": 2,
    "provider_5xx": 1,
    "rate_limit": 1,
    "timeout": 3
  },
  "totals": {
    "auth_error": 0,
    "cache_read_tokens": 12034082.3982144,
    "cache_write_tokens": 0.0,
    "cost_usd": 0,
    "events": 455,
    "fallback": 3,
    "input_tokens": 7685607.524709202,
    "output_tokens": 84718.16873039998,
    "rate_limit": 1,
    "timeout": 4,
    "total_tokens": 6029362.091654002
  },
  "ts": "2026-05-17T01:24:43+00:00"
}
