{
  "errors": {
    "fallback": 3,
    "rate_limit": 1,
    "timeout": 3
  },
  "totals": {
    "auth_error": 0,
    "cache_read_tokens": 8968448.591232002,
    "cache_write_tokens": 0.0,
    "cost_usd": 0,
    "events": 340,
    "fallback": 4,
    "input_tokens": 2290555.8664667495,
    "output_tokens": 44894.40593900001,
    "rate_limit": 1,
    "timeout": 4,
    "total_tokens": 2757365.8636377505
  },
  "ts": "2026-05-19T11:40:37+00:00"
}
