{
  "errors": {
    "auth": 3,
    "fallback": 24,
    "rate_limit": 10,
    "timeout": 47
  },
  "totals": {
    "auth_error": 11,
    "cache_read_tokens": 134964356.05113092,
    "cache_write_tokens": 0.0,
    "cost_usd": 0,
    "events": 3367,
    "fallback": 36,
    "input_tokens": 18471400.641280677,
    "output_tokens": 841623.5232729529,
    "rate_limit": 10,
    "timeout": 49,
    "total_tokens": 11775399.215684224
  },
  "ts": "2026-05-11T23:07:51+00:00"
}
