{
  "errors": {
    "fallback": 6,
    "timeout": 5
  },
  "totals": {
    "auth_error": 0,
    "cache_read_tokens": 13495329.808972802,
    "cache_write_tokens": 0.0,
    "cost_usd": 0,
    "events": 440,
    "fallback": 6,
    "input_tokens": 2991858.04937625,
    "output_tokens": 80212.89224799996,
    "rate_limit": 0,
    "timeout": 5,
    "total_tokens": 4419427.75059705
  },
  "ts": "2026-05-19T01:31:27+00:00"
}
