{
  "errors": {
    "fallback": 2,
    "rate_limit": 1,
    "timeout": 17
  },
  "totals": {
    "auth_error": 0,
    "cache_read_tokens": 6265088.2320896,
    "cache_write_tokens": 0.0,
    "cost_usd": 0,
    "events": 236,
    "fallback": 3,
    "input_tokens": 1351878.1617647498,
    "output_tokens": 30386.228699000007,
    "rate_limit": 1,
    "timeout": 18,
    "total_tokens": 1462657.6225533504
  },
  "ts": "2026-05-24T18:46:53+00:00"
}
