{
  "errors": {
    "rate_limit": 1,
    "timeout": 5
  },
  "totals": {
    "auth_error": 0,
    "cache_read_tokens": 12079393.77579392,
    "cache_write_tokens": 0.0,
    "cost_usd": 0,
    "events": 399,
    "fallback": 1,
    "input_tokens": 4853138.147107098,
    "output_tokens": 79731.90567700005,
    "rate_limit": 1,
    "timeout": 6,
    "total_tokens": 3297954.828578021
  },
  "ts": "2026-05-27T13:41:56+00:00"
}
