{
  "errors": {
    "fallback": 2,
    "rate_limit": 1,
    "timeout": 5
  },
  "totals": {
    "auth_error": 0,
    "cache_read_tokens": 7297600.308140639,
    "cache_write_tokens": 0.0,
    "cost_usd": 0,
    "events": 358,
    "fallback": 3,
    "input_tokens": 2021627.1967287997,
    "output_tokens": 34288.2804205,
    "rate_limit": 1,
    "timeout": 6,
    "total_tokens": 1584105.7852899404
  },
  "ts": "2026-05-29T01:42:21+00:00"
}
