{
  "errors": {
    "rate_limit": 2,
    "timeout": 6
  },
  "totals": {
    "auth_error": 0,
    "cache_read_tokens": 8507776.712616961,
    "cache_write_tokens": 0.0,
    "cost_usd": 0,
    "events": 373,
    "fallback": 2,
    "input_tokens": 2495278.1799489493,
    "output_tokens": 52280.52784559998,
    "rate_limit": 2,
    "timeout": 8,
    "total_tokens": 2585321.4204115113
  },
  "ts": "2026-05-25T10:47:23+00:00"
}
