{
  "errors": {
    "timeout": 5
  },
  "totals": {
    "auth_error": 0,
    "cache_read_tokens": 11896833.339726083,
    "cache_write_tokens": 0.0,
    "cost_usd": 0,
    "events": 340,
    "fallback": 0,
    "input_tokens": 3877227.6885711495,
    "output_tokens": 66298.65359279996,
    "rate_limit": 0,
    "timeout": 5,
    "total_tokens": 3527641.681890032
  },
  "ts": "2026-05-26T23:41:59+00:00"
}
