{
  "errors": {
    "rate_limit": 1,
    "timeout": 8
  },
  "totals": {
    "auth_error": 0,
    "cache_read_tokens": 24097190.581043184,
    "cache_write_tokens": 0.0,
    "cost_usd": 0,
    "events": 467,
    "fallback": 1,
    "input_tokens": 7469232.486370001,
    "output_tokens": 115785.00553000011,
    "rate_limit": 1,
    "timeout": 9,
    "total_tokens": 5632825.072943199
  },
  "ts": "2026-05-15T15:28:35+00:00"
}
