{
  "errors": {
    "auth": 13,
    "fallback": 3,
    "timeout": 30
  },
  "totals": {
    "auth_error": 13,
    "cache_read_tokens": 55979030.77511456,
    "cache_write_tokens": 0.0,
    "cost_usd": 0,
    "events": 984,
    "fallback": 3,
    "input_tokens": 8121936.712131406,
    "output_tokens": 280470.29690445034,
    "rate_limit": 0,
    "timeout": 30,
    "total_tokens": 3655237.7841504123
  },
  "ts": "2026-05-13T03:28:02+00:00"
}
