{
  "errors": {
    "rate_limit": 1,
    "timeout": 2
  },
  "totals": {
    "auth_error": 0,
    "cache_read_tokens": 10871265.71281856,
    "cache_write_tokens": 0.0,
    "cost_usd": 0,
    "events": 320,
    "fallback": 1,
    "input_tokens": 4434621.0792859495,
    "output_tokens": 72628.81585285,
    "rate_limit": 1,
    "timeout": 3,
    "total_tokens": 4860900.60795736
  },
  "ts": "2026-05-17T15:24:52+00:00"
}
