{
  "errors": {
    "rate_limit": 1,
    "timeout": 7
  },
  "totals": {
    "auth_error": 0,
    "cache_read_tokens": 20376997.73217408,
    "cache_write_tokens": 0.0,
    "cost_usd": 0,
    "events": 468,
    "fallback": 1,
    "input_tokens": 12462139.512446253,
    "output_tokens": 173850.22838910006,
    "rate_limit": 1,
    "timeout": 8,
    "total_tokens": 7158771.473009429
  },
  "ts": "2026-05-16T11:24:31+00:00"
}
