{
  "errors": {
    "auth": 13,
    "fallback": 3,
    "timeout": 32
  },
  "totals": {
    "auth_error": 13,
    "cache_read_tokens": 56302134.79033282,
    "cache_write_tokens": 0.0,
    "cost_usd": 0,
    "events": 1030,
    "fallback": 3,
    "input_tokens": 9482423.495127406,
    "output_tokens": 284263.30468615034,
    "rate_limit": 0,
    "timeout": 32,
    "total_tokens": 3864380.5901463525
  },
  "ts": "2026-05-13T09:28:12+00:00"
}
