{
  "errors": {
    "auth": 1,
    "timeout": 14
  },
  "totals": {
    "auth_error": 1,
    "cache_read_tokens": 36947147.46237983,
    "cache_write_tokens": 0.0,
    "cost_usd": 0,
    "events": 611,
    "fallback": 0,
    "input_tokens": 7612604.689706007,
    "output_tokens": 232054.29058429995,
    "rate_limit": 0,
    "timeout": 14,
    "total_tokens": 8487648.442670133
  },
  "ts": "2026-05-13T13:28:30+00:00"
}
