{
  "errors": {
    "fallback": 2,
    "rate_limit": 1,
    "timeout": 5
  },
  "totals": {
    "auth_error": 0,
    "cache_read_tokens": 7007248.2875008,
    "cache_write_tokens": 0.0,
    "cost_usd": 0,
    "events": 313,
    "fallback": 3,
    "input_tokens": 1964177.24118375,
    "output_tokens": 29933.250578600004,
    "rate_limit": 1,
    "timeout": 6,
    "total_tokens": 1513024.7792631502
  },
  "ts": "2026-05-28T19:42:27+00:00"
}
