{
  "errors": {
    "fallback": 2,
    "rate_limit": 1,
    "timeout": 5
  },
  "totals": {
    "auth_error": 0,
    "cache_read_tokens": 9887936.502392642,
    "cache_write_tokens": 0.0,
    "cost_usd": 0,
    "events": 350,
    "fallback": 3,
    "input_tokens": 3237987.826936051,
    "output_tokens": 57888.39263485003,
    "rate_limit": 1,
    "timeout": 6,
    "total_tokens": 3011198.72196354
  },
  "ts": "2026-05-29T15:42:28+00:00"
}
