{
  "errors": {
    "fallback": 3,
    "rate_limit": 1,
    "timeout": 3
  },
  "totals": {
    "auth_error": 0,
    "cache_read_tokens": 9953537.249151997,
    "cache_write_tokens": 0.0,
    "cost_usd": 0,
    "events": 350,
    "fallback": 4,
    "input_tokens": 2772668.7922834996,
    "output_tokens": 50982.69671699999,
    "rate_limit": 1,
    "timeout": 4,
    "total_tokens": 2814729.7381525002
  },
  "ts": "2026-05-19T13:40:38+00:00"
}
