{
  "errors": {
    "auth": 1,
    "timeout": 5
  },
  "totals": {
    "auth_error": 1,
    "cache_read_tokens": 15547603.272113444,
    "cache_write_tokens": 0.0,
    "cost_usd": 0,
    "events": 498,
    "fallback": 0,
    "input_tokens": 6795505.970034954,
    "output_tokens": 103510.42975390004,
    "rate_limit": 0,
    "timeout": 5,
    "total_tokens": 3162098.6719022915
  },
  "ts": "2026-05-27T01:32:16+00:00"
}
